[
    {
        "id": "0",
        "word": "Esgonzar",
        "definition": [
            "Desgoznar, quitar o arrancar los gonces (goznes o bisagras).",
            "Desgoznar, desquiciar.",
            "Caer sin fuerzas por debilidad física o fatiga."
        ],
        "location": 1,
        "type": 1,
        "origine": ["no me acuerdo", "no me acuerdo"],
        "phrases": ["menuda esgonzada"],
        "phonetic": "xx",
        "visible": true
    },
    {
        "id": "1",
        "word": "Esgonzarooooooooo",
        "definition": [
            "Desgoznar, quitar o arrancar los gonces (goznes o bisagras).",
            "Desgoznar, desquiciar.",
            "Caer sin fuerzas por debilidad física o fatiga."
        ],
        "location": 7,
        "type": 1,
        "origine": ["no me acuerdo", "no me acuerdo"],
        "phrases": "xxxx",
        "phonetic": "xx",
        "visible": true
    }

]