[
    {
        "id" : "0",
        "name" : "Andalucía"
    },
    {
        "id" : "1",
        "name" : "Aragón"
    },
    {
        "id" : "2",
        "name" : "P. Asturia"
    },
    {
        "id" : "3",
        "name" : "Islas Baleares"
    },
    {
        "id" : "4",
        "name" : "Canarias"
    },
    {
        "id" : "5",
        "name" : "Cantabria"
    },
    {
        "id" : "6",
        "name" : "Castilla-La Mancha"
    },
    {
        "id" : "7",
        "name" : "Castilla y León"
    },
    {
        "id" : "8",
        "name" : "Cataluña"
    },
    {
        "id" : "9",
        "name" : "C. Valenciana"
    },
    {
        "id" : "10",
        "name" : "Extremadura"
    },
    {
        "id" : "11",
        "name" : "Galicia"
    },
    {
        "id" : "12",
        "name" : "La Rioja"
    },
    {
        "id" : "13",
        "name" : "C. Madrid"
    },
    {
        "id" : "14",
        "name" : "R. Murcia"
    },
    {
        "id" : "15",
        "name" : "C. F. Navarra"
    },
    {
        "id" : "16",
        "name" : "País Vasco"
    },
    {
        "id" : "17",
        "name" : "Ceuta"
    },
    {
        "id" : "18",
        "name" : "Melilla"
    },
]